pdb,vina,XGB,RF20
mol_JTU,6.457139851899999,6.706867190452474,6.80834496847
