pdb,vina,XGB,RF20
mol_BRE,7.9729922906,7.420687426670251,8.18070775274573
