pdb,vina,XGB,RF20
mol_2d,7.3687945729,6.7237329011661435,7.25340782910858
