pdb,vina,XGB,RF20
mol_JTU,6.5729652578,6.852142536080258,6.96652715369859
