pdb,vina,XGB,RF20
mol_2d,7.6352421503,7.082230256073926,7.65855495594273
