pdb,vina,XGB,RF20
mol_BRE,7.8396804831,7.420903434512201,8.11859634756546
