pdb,vina,XGB,RF20
mol_5BrACOH,6.0904021868,5.48983860104179,6.53802508735754
